season,round,driverId,driverCode,circuitId,constructorName,grid,position,predicted,error
2023,3,albon,ALB,albert_park,Williams,8,19,11.586464484189909,7.413535515810091
2024,3,albon,ALB,albert_park,Williams,12,11,12.551971632214984,1.5519716322149844
2023,18,albon,ALB,americas,Williams,15,9,14.20136618475825,5.20136618475825
2024,19,albon,ALB,americas,Williams,14,16,13.580350073305755,2.4196499266942446
2023,1,albon,ALB,bahrain,Williams,15,10,13.944746270661453,3.9447462706614527
2024,1,albon,ALB,bahrain,Williams,13,15,12.704740539549595,2.2952594604504046
2023,4,albon,ALB,baku,Williams,12,12,13.289722906986615,1.289722906986615
2024,17,albon,ALB,baku,Williams,9,7,11.80770980093421,4.8077098009342105
2023,7,albon,ALB,catalunya,Williams,18,16,15.041737743062338,0.9582622569376618
2024,10,albon,ALB,catalunya,Williams,20,18,15.470357754889637,2.529642245110363
2023,11,albon,ALB,hungaroring,Williams,16,11,13.771083727215348,2.7710837272153483
2024,13,albon,ALB,hungaroring,Williams,13,14,13.2810558132782,0.7189441867217994
2024,7,albon,ALB,imola,Williams,14,20,13.59400901842725,6.405990981572749
2023,20,albon,ALB,interlagos,Williams,13,19,13.38765128429443,5.61234871570557
2024,21,albon,ALB,interlagos,Williams,7,18,9.913286290180194,8.086713709819806
2023,2,albon,ALB,jeddah,Williams,17,19,14.591062105040761,4.408937894959239
2024,2,albon,ALB,jeddah,Williams,12,11,12.414610962652322,1.414610962652322
2023,17,albon,ALB,losail,Williams,13,13,12.86774880089435,0.13225119910564942
2024,23,albon,ALB,losail,Williams,16,15,13.940846027283026,1.0591539727169739
2023,15,albon,ALB,marina_bay,Williams,14,11,12.597598078962642,1.5975980789626423
2024,18,albon,ALB,marina_bay,Williams,11,20,12.046686564417143,7.9533134355828565
2023,5,albon,ALB,miami,Williams,11,14,12.485829508611728,1.5141704913882723
2024,6,albon,ALB,miami,Williams,14,18,13.552221486247207,4.447778513752793
2023,6,albon,ALB,monaco,Williams,13,14,13.070713081774192,0.9292869182258077
2024,8,albon,ALB,monaco,Williams,9,9,12.01826145666341,3.01826145666341
2023,14,albon,ALB,monza,Williams,6,7,10.028440591625436,3.0284405916254364
2024,16,albon,ALB,monza,Williams,9,9,11.902921764907965,2.9029217649079655
2023,9,albon,ALB,red_bull_ring,Williams,10,11,12.0655882437924,1.0655882437923996
2024,11,albon,ALB,red_bull_ring,Williams,16,15,14.730507959221034,0.2694920407789656
2023,19,albon,ALB,rodriguez,Williams,14,9,13.024589088784525,4.024589088784525
2024,20,albon,ALB,rodriguez,Williams,9,19,11.09252831332652,7.90747168667348
2024,5,albon,ALB,shanghai,Williams,14,12,13.652887795018732,1.6528877950187315
2023,10,albon,ALB,silverstone,Williams,8,8,11.254357904063331,3.2543579040633315
2024,12,albon,ALB,silverstone,Williams,9,9,12.198663177424011,3.1986631774240113
2023,12,albon,ALB,spa,Williams,15,14,13.768240576789852,0.23175942321014809
2024,14,albon,ALB,spa,Williams,10,12,12.854720462433194,0.8547204624331943
2023,16,albon,ALB,suzuka,Williams,13,16,12.471984086888769,3.528015913111231
2024,4,albon,ALB,suzuka,Williams,14,20,13.345848138987407,6.654151861012593
2023,21,albon,ALB,vegas,Williams,5,12,10.232225997658055,1.7677740023419446
2024,22,albon,ALB,vegas,Williams,17,19,14.135304330003542,4.864695669996458
2023,8,albon,ALB,villeneuve,Williams,9,7,12.174937304041517,5.174937304041517
2024,9,albon,ALB,villeneuve,Williams,10,17,12.275028288225489,4.724971711774511
2023,22,albon,ALB,yas_marina,Williams,14,14,13.019483868128122,0.9805161318718785
2024,24,albon,ALB,yas_marina,Williams,18,11,14.372572674700438,3.3725726747004376
2023,13,albon,ALB,zandvoort,Williams,4,8,9.285228806720571,1.2852288067205713
2024,15,albon,ALB,zandvoort,Williams,19,14,12.673088548402827,1.326911451597173
2023,3,alonso,ALO,albert_park,Aston Martin,4,3,8.040160808488663,5.040160808488663
2024,3,alonso,ALO,albert_park,Aston Martin,10,8,9.795049811541249,1.795049811541249
2023,18,alonso,ALO,americas,Aston Martin,19,16,13.026784116971072,2.973215883028928
2024,19,alonso,ALO,americas,Aston Martin,7,13,10.150211789295287,2.8497882107047126
2023,1,alonso,ALO,bahrain,Aston Martin,5,3,9.150238995171865,6.150238995171865
2024,1,alonso,ALO,bahrain,Aston Martin,6,9,8.940781044665798,0.059218955334202406
2023,4,alonso,ALO,baku,Aston Martin,6,4,8.175416196312039,4.175416196312039
2024,17,alonso,ALO,baku,Aston Martin,7,6,10.339503507543867,4.339503507543867
2023,7,alonso,ALO,catalunya,Aston Martin,8,7,8.440794990083617,1.4407949900836172
2024,10,alonso,ALO,catalunya,Aston Martin,10,12,11.2428084246153,0.7571915753847005
2023,11,alonso,ALO,hungaroring,Aston Martin,8,9,8.83853306804412,0.16146693195588036
2024,13,alonso,ALO,hungaroring,Aston Martin,7,11,10.178795632799048,0.8212043672009521
2024,7,alonso,ALO,imola,Aston Martin,20,19,13.457064561228382,5.542935438771618
2023,20,alonso,ALO,interlagos,Aston Martin,4,3,9.118065673570399,6.118065673570399
2024,21,alonso,ALO,interlagos,Aston Martin,9,14,10.856424279960489,3.143575720039511
2023,2,alonso,ALO,jeddah,Aston Martin,2,3,8.025411407555326,5.0254114075553264
2024,2,alonso,ALO,jeddah,Aston Martin,4,5,8.158266757779707,3.158266757779707
2023,17,alonso,ALO,losail,Aston Martin,4,6,8.522786345390772,2.522786345390772
2024,23,alonso,ALO,losail,Aston Martin,8,7,11.02777118793174,4.027771187931741
2023,15,alonso,ALO,marina_bay,Aston Martin,7,15,9.11311528148615,5.8868847185138495
2024,18,alonso,ALO,marina_bay,Aston Martin,7,8,9.914944343411655,1.9149443434116549
2023,5,alonso,ALO,miami,Aston Martin,2,3,6.194644011309141,3.1946440113091414
2024,6,alonso,ALO,miami,Aston Martin,15,9,12.025723525101276,3.0257235251012755
2023,6,alonso,ALO,monaco,Aston Martin,2,2,6.0123215799419265,4.0123215799419265
2024,8,alonso,ALO,monaco,Aston Martin,14,11,12.09564882391895,1.0956488239189497
2023,14,alonso,ALO,monza,Aston Martin,10,9,9.738243965503909,0.7382439655039086
2024,16,alonso,ALO,monza,Aston Martin,11,11,11.28027806636939,0.2802780663693891
2023,9,alonso,ALO,red_bull_ring,Aston Martin,7,5,7.891791142752267,2.8917911427522673
2024,11,alonso,ALO,red_bull_ring,Aston Martin,15,18,13.052282122555082,4.9477178774449175
2023,19,alonso,ALO,rodriguez,Aston Martin,13,18,11.969549169778372,6.030450830221628
2024,20,alonso,ALO,rodriguez,Aston Martin,13,18,12.09014159600642,5.90985840399358
2024,5,alonso,ALO,shanghai,Aston Martin,3,7,7.703110323622216,0.7031103236222158
2023,10,alonso,ALO,silverstone,Aston Martin,9,7,8.765268240971382,1.7652682409713822
2024,12,alonso,ALO,silverstone,Aston Martin,10,8,11.424814739052982,3.424814739052982
2023,12,alonso,ALO,spa,Aston Martin,9,5,9.462044470905896,4.462044470905896
2024,14,alonso,ALO,spa,Aston Martin,8,8,10.57448179338477,2.57448179338477
2023,16,alonso,ALO,suzuka,Aston Martin,10,8,10.401418121951743,2.4014181219517425
2024,4,alonso,ALO,suzuka,Aston Martin,5,6,8.335766411964833,2.3357664119648334
2023,21,alonso,ALO,vegas,Aston Martin,9,9,10.46570315800611,1.4657031580061108
2024,22,alonso,ALO,vegas,Aston Martin,16,11,13.705325041661157,2.7053250416611565
2023,8,alonso,ALO,villeneuve,Aston Martin,2,2,6.40926433726264,4.40926433726264
2024,9,alonso,ALO,villeneuve,Aston Martin,6,6,9.553541027746931,3.553541027746931
2023,22,alonso,ALO,yas_marina,Aston Martin,7,7,9.171352149655359,2.171352149655359
2024,24,alonso,ALO,yas_marina,Aston Martin,8,9,10.830567739152745,1.8305677391527446
2023,13,alonso,ALO,zandvoort,Aston Martin,5,2,8.165617217537688,6.165617217537688
2024,15,alonso,ALO,zandvoort,Aston Martin,7,10,10.270334828468597,0.2703348284685969
2024,17,bearman,BEA,baku,Haas F1 Team,10,10,11.238565409870924,1.2385654098709242
2024,21,bearman,BEA,interlagos,Haas F1 Team,15,12,13.065426158361069,1.0654261583610687
2024,2,bearman,BEA,jeddah,Ferrari,11,7,9.678844881240492,2.678844881240492
2023,3,bottas,BOT,albert_park,Alfa Romeo,19,11,14.10653072785691,3.10653072785691
2024,3,bottas,BOT,albert_park,Sauber,13,14,11.964770029180437,2.0352299708195627
2023,18,bottas,BOT,americas,Alfa Romeo,13,12,12.163087521526966,0.16308752152696648
2024,19,bottas,BOT,americas,Sauber,16,17,15.18758286811926,1.8124171318807392
2023,1,bottas,BOT,bahrain,Alfa Romeo,12,8,11.746068318228,3.7460683182279997
2024,1,bottas,BOT,bahrain,Sauber,16,19,12.704432942019034,6.295567057980966
2023,4,bottas,BOT,baku,Alfa Romeo,13,18,12.408512582553156,5.591487417446844
2024,17,bottas,BOT,baku,Sauber,16,16,14.91301829319748,1.0869817068025203
2023,7,bottas,BOT,catalunya,Alfa Romeo,16,19,13.666569279944541,5.333430720055459
2024,10,bottas,BOT,catalunya,Sauber,12,16,12.632277328187913,3.3677226718120874
2023,11,bottas,BOT,hungaroring,Alfa Romeo,7,12,10.160051406309321,1.8399485936906785
2024,13,bottas,BOT,hungaroring,Sauber,12,16,12.765839507178015,3.234160492821985
2024,7,bottas,BOT,imola,Sauber,16,18,14.012310192147357,3.987689807852643
2023,20,bottas,BOT,interlagos,Alfa Romeo,18,16,13.910577563008106,2.089422436991894
2024,21,bottas,BOT,interlagos,Sauber,11,13,12.697522283435,0.3024777165650008
2023,2,bottas,BOT,jeddah,Alfa Romeo,14,18,12.096184947149764,5.903815052850236
2024,2,bottas,BOT,jeddah,Sauber,16,17,12.523052737991113,4.476947262008887
2023,17,bottas,BOT,losail,Alfa Romeo,9,8,10.729365325564217,2.729365325564217
2024,23,bottas,BOT,losail,Sauber,13,11,13.0452668358137,2.0452668358137007
2023,15,bottas,BOT,marina_bay,Alfa Romeo,16,17,13.61566440850773,3.3843355914922704
2024,18,bottas,BOT,marina_bay,Sauber,19,16,15.59672431309031,0.40327568690969073
2023,5,bottas,BOT,miami,Alfa Romeo,10,13,11.344051616430749,1.6559483835692514
2024,6,bottas,BOT,miami,Sauber,16,16,13.846860851235638,2.153139148764362
2023,6,bottas,BOT,monaco,Alfa Romeo,15,11,13.013682538450354,2.013682538450354
2024,8,bottas,BOT,monaco,Sauber,17,13,14.250896237118656,1.2508962371186563
2023,14,bottas,BOT,monza,Alfa Romeo,14,10,13.049572967975317,3.049572967975317
2024,16,bottas,BOT,monza,Sauber,19,16,15.732799853620186,0.26720014637981393
2023,9,bottas,BOT,red_bull_ring,Alfa Romeo,14,15,12.850501694521933,2.149498305478067
2024,11,bottas,BOT,red_bull_ring,Sauber,18,16,14.838368654966176,1.1616313450338236
2023,19,bottas,BOT,rodriguez,Alfa Romeo,9,15,10.674717380706422,4.325282619293578
2024,20,bottas,BOT,rodriguez,Sauber,15,14,14.361954072464114,0.3619540724641137
2024,5,bottas,BOT,shanghai,Sauber,10,20,11.649848910469366,8.350151089530634
2023,10,bottas,BOT,silverstone,Alfa Romeo,20,12,13.149258744219841,1.149258744219841
2024,12,bottas,BOT,silverstone,Sauber,16,15,14.218104710730673,0.7818952892693272
2023,12,bottas,BOT,spa,Alfa Romeo,13,12,12.64002214185246,0.6400221418524605
2024,14,bottas,BOT,spa,Sauber,14,15,13.59119923832745,1.4088007616725502
2023,16,bottas,BOT,suzuka,Alfa Romeo,16,20,13.54091760709379,6.459082392906209
2024,4,bottas,BOT,suzuka,Sauber,13,14,12.279320049450076,1.7206799505499237
2023,21,bottas,BOT,vegas,Alfa Romeo,7,17,10.424892772654172,6.575107227345828
2024,22,bottas,BOT,vegas,Sauber,19,18,15.10759420924588,2.89240579075412
2023,8,bottas,BOT,villeneuve,Alfa Romeo,14,10,13.189159346046257,3.1891593460462566
2024,9,bottas,BOT,villeneuve,Sauber,19,13,14.484170626657058,1.4841706266570576
2023,22,bottas,BOT,yas_marina,Alfa Romeo,18,19,14.099941293593098,4.900058706406902
2024,24,bottas,BOT,yas_marina,Sauber,9,18,11.39202302487888,6.607976975121121
2023,13,bottas,BOT,zandvoort,Alfa Romeo,18,14,14.451557093366999,0.4515570933669988
2024,15,bottas,BOT,zandvoort,Sauber,16,19,14.54464252299722,4.45535747700278
2024,19,colapinto,COL,americas,Williams,15,10,13.891282688838574,3.891282688838574
2024,17,colapinto,COL,baku,Williams,8,8,11.865973747224896,3.8659737472248956
2024,21,colapinto,COL,interlagos,Williams,16,17,14.201207961062241,2.7987920389377585
2024,23,colapinto,COL,losail,Williams,19,19,15.54868235390445,3.45131764609555
2024,18,colapinto,COL,marina_bay,Williams,12,11,12.2469518059222,1.2469518059221993
2024,16,colapinto,COL,monza,Williams,18,12,14.725578099495547,2.7255780994955465
2024,20,colapinto,COL,rodriguez,Williams,16,12,13.553072055194548,1.5530720551945478
2024,22,colapinto,COL,vegas,Williams,20,14,13.364802096221094,0.6351979037789057
2024,24,colapinto,COL,yas_marina,Williams,20,19,15.848677465103796,3.151322534896204
2023,3,de_vries,DEV,albert_park,AlphaTauri,15,15,13.901262239699852,1.098737760300148
2023,1,de_vries,DEV,bahrain,AlphaTauri,19,14,14.523544362864785,0.5235443628647847
2023,4,de_vries,DEV,baku,AlphaTauri,18,20,15.60359969517624,4.396400304823761
2023,7,de_vries,DEV,catalunya,AlphaTauri,14,14,13.602764340564631,0.39723565943536876
2023,2,de_vries,DEV,jeddah,AlphaTauri,18,14,14.714281021777877,0.714281021777877
2023,5,de_vries,DEV,miami,AlphaTauri,15,18,13.878721211369227,4.121278788630773
2023,6,de_vries,DEV,monaco,AlphaTauri,12,12,13.000925570047762,1.0009255700477624
2023,9,de_vries,DEV,red_bull_ring,AlphaTauri,20,17,15.99808294455485,1.0019170554451495
2023,10,de_vries,DEV,silverstone,AlphaTauri,18,17,15.668842294185684,1.3311577058143165
2023,8,de_vries,DEV,villeneuve,AlphaTauri,17,18,14.976472188763111,3.023527811236889
2024,24,doohan,DOO,yas_marina,Alpine F1 Team,17,15,14.384046982694578,0.6159530173054222
2023,3,gasly,GAS,albert_park,Alpine F1 Team,9,13,10.516604471003355,2.4833955289966454
2024,3,gasly,GAS,albert_park,Alpine F1 Team,17,13,13.84711491612415,0.8471149161241502
2023,18,gasly,GAS,americas,Alpine F1 Team,7,6,9.563808402453116,3.563808402453116
2024,19,gasly,GAS,americas,Alpine F1 Team,6,12,10.717496006645433,1.2825039933545668
2023,1,gasly,GAS,bahrain,Alpine F1 Team,20,9,14.037308719791172,5.037308719791172
2024,1,gasly,GAS,bahrain,Alpine F1 Team,20,18,14.219970473930285,3.7800295260697148
2023,4,gasly,GAS,baku,Alpine F1 Team,17,14,14.147357209355002,0.14735720935500218
2024,17,gasly,GAS,baku,Alpine F1 Team,18,12,14.038619488757222,2.038619488757222
2023,7,gasly,GAS,catalunya,Alpine F1 Team,10,10,8.810823534887344,1.1891764651126557
2024,10,gasly,GAS,catalunya,Alpine F1 Team,7,9,10.589781147291244,1.5897811472912444
2023,11,gasly,GAS,hungaroring,Alpine F1 Team,15,20,12.705464107876104,7.294535892123896
2024,13,gasly,GAS,hungaroring,Alpine F1 Team,20,20,15.094290440393111,4.905709559606889
2024,7,gasly,GAS,imola,Alpine F1 Team,15,16,13.82580274772526,2.1741972522747393
2023,20,gasly,GAS,interlagos,Alpine F1 Team,15,7,11.837057931538691,4.837057931538691
2024,21,gasly,GAS,interlagos,Alpine F1 Team,13,3,13.768892790959391,10.768892790959391
2023,2,gasly,GAS,jeddah,Alpine F1 Team,9,9,10.976275672596065,1.9762756725960653
2024,2,gasly,GAS,jeddah,Alpine F1 Team,18,20,14.180510825475189,5.819489174524811
2023,17,gasly,GAS,losail,Alpine F1 Team,7,12,9.785352456300107,2.2146475436998934
2024,23,gasly,GAS,losail,Alpine F1 Team,11,5,11.462213827225185,6.462213827225185
2023,15,gasly,GAS,marina_bay,Alpine F1 Team,12,6,12.378461209798877,6.378461209798877
2024,18,gasly,GAS,marina_bay,Alpine F1 Team,18,17,14.9518931247853,2.0481068752146996
2023,5,gasly,GAS,miami,Alpine F1 Team,5,8,9.548927991848757,1.5489279918487568
2024,6,gasly,GAS,miami,Alpine F1 Team,12,12,13.131849993692043,1.1318499936920432
2023,6,gasly,GAS,monaco,Alpine F1 Team,7,7,10.37735396868036,3.37735396868036
2024,8,gasly,GAS,monaco,Alpine F1 Team,10,10,12.272911401167795,2.2729114011677947
2023,14,gasly,GAS,monza,Alpine F1 Team,17,15,13.868267946948317,1.1317320530516835
2024,16,gasly,GAS,monza,Alpine F1 Team,14,15,13.382986282185138,1.6170137178148618
2023,9,gasly,GAS,red_bull_ring,Alpine F1 Team,9,10,10.34163177575262,0.3416317757526208
2024,11,gasly,GAS,red_bull_ring,Alpine F1 Team,13,10,12.511249734839975,2.511249734839975
2023,19,gasly,GAS,rodriguez,Alpine F1 Team,11,11,11.349765723448195,0.34976572344819523
2024,20,gasly,GAS,rodriguez,Alpine F1 Team,8,10,11.310713636365346,1.310713636365346
2024,5,gasly,GAS,shanghai,Alpine F1 Team,15,13,14.207696257149909,1.2076962571499088
2023,10,gasly,GAS,silverstone,Alpine F1 Team,10,18,10.491612762068002,7.5083872379319985
2024,12,gasly,GAS,silverstone,Alpine F1 Team,19,20,14.996677549926419,5.003322450073581
2023,12,gasly,GAS,spa,Alpine F1 Team,12,11,12.49055848405072,1.4905584840507196
2024,14,gasly,GAS,spa,Alpine F1 Team,12,13,12.674942882849264,0.3250571171507364
2023,16,gasly,GAS,suzuka,Alpine F1 Team,12,10,11.90899680517635,1.9089968051763506
2024,4,gasly,GAS,suzuka,Alpine F1 Team,17,16,14.249928075058342,1.7500719249416576
2023,21,gasly,GAS,vegas,Alpine F1 Team,4,11,8.923710443157525,2.0762895568424753
2024,22,gasly,GAS,vegas,Alpine F1 Team,3,20,8.73522743953351,11.26477256046649
2023,8,gasly,GAS,villeneuve,Alpine F1 Team,15,12,13.235268845329923,1.235268845329923
2024,9,gasly,GAS,villeneuve,Alpine F1 Team,15,9,13.722702779150747,4.722702779150747
2023,22,gasly,GAS,yas_marina,Alpine F1 Team,10,13,10.350940301790306,2.649059698209694
2024,24,gasly,GAS,yas_marina,Alpine F1 Team,5,7,9.188881118957578,2.1888811189575783
2023,13,gasly,GAS,zandvoort,Alpine F1 Team,12,3,12.562441004766134,9.562441004766134
2024,15,gasly,GAS,zandvoort,Alpine F1 Team,9,9,11.669526115122487,2.669526115122487
2023,3,hamilton,HAM,albert_park,Mercedes,3,2,3.545428449081155,1.5454284490811552
2024,3,hamilton,HAM,albert_park,Mercedes,11,18,7.972045282877691,10.02795471712231
2023,18,hamilton,HAM,americas,Mercedes,3,19,4.5963880424610615,14.403611957538939
2024,19,hamilton,HAM,americas,Mercedes,17,20,10.128675834990556,9.871324165009444
2023,1,hamilton,HAM,bahrain,Mercedes,7,5,4.863588342992564,0.13641165700743585
2024,1,hamilton,HAM,bahrain,Mercedes,9,7,6.795861788002785,0.20413821199721482
2023,4,hamilton,HAM,baku,Mercedes,5,6,4.4074889624528,1.5925110375472
2024,17,hamilton,HAM,baku,Mercedes,19,9,5.804672388497224,3.195327611502776
2023,7,hamilton,HAM,catalunya,Mercedes,4,2,4.865345782212387,2.865345782212387
2024,10,hamilton,HAM,catalunya,Mercedes,3,3,4.825149484269815,1.825149484269815
2023,11,hamilton,HAM,hungaroring,Mercedes,1,4,3.232884348032833,0.7671156519671669
2024,13,hamilton,HAM,hungaroring,Mercedes,5,3,4.322442220407215,1.3224422204072148
2024,7,hamilton,HAM,imola,Mercedes,8,6,7.473594016238876,1.4735940162388763
2023,20,hamilton,HAM,interlagos,Mercedes,5,8,4.781916401881665,3.2180835981183353
2024,21,hamilton,HAM,interlagos,Mercedes,14,10,9.176395458313394,0.8236045416866062
2023,2,hamilton,HAM,jeddah,Mercedes,7,5,5.057945128885918,0.057945128885918074
2024,2,hamilton,HAM,jeddah,Mercedes,8,9,6.451658862649399,2.548341137350601
2023,17,hamilton,HAM,losail,Mercedes,3,19,4.578828777799083,14.421171222200918
2024,23,hamilton,HAM,losail,Mercedes,6,12,5.194708452492918,6.805291547507082
2023,15,hamilton,HAM,marina_bay,Mercedes,5,3,4.961753792512441,1.9617537925124413
2024,18,hamilton,HAM,marina_bay,Mercedes,3,6,4.423837280225863,1.5761627197741372
2023,5,hamilton,HAM,miami,Mercedes,13,6,7.743523424538895,1.7435234245388953
2024,6,hamilton,HAM,miami,Mercedes,8,6,7.401764319610734,1.4017643196107343
2023,6,hamilton,HAM,monaco,Mercedes,5,4,5.353567122406536,1.3535671224065364
2024,8,hamilton,HAM,monaco,Mercedes,7,7,7.101659697233407,0.10165969723340673
2023,14,hamilton,HAM,monza,Mercedes,8,6,6.156326200753199,0.15632620075319892
2024,16,hamilton,HAM,monza,Mercedes,6,5,4.795441951412589,0.204558048587411
2023,9,hamilton,HAM,red_bull_ring,Mercedes,5,8,4.754421064059829,3.2455789359401708
2024,11,hamilton,HAM,red_bull_ring,Mercedes,5,4,5.038481271923705,1.0384812719237049
2023,19,hamilton,HAM,rodriguez,Mercedes,6,2,5.3698722955309615,3.3698722955309615
2024,20,hamilton,HAM,rodriguez,Mercedes,6,4,6.0290712992213535,2.0290712992213535
2024,5,hamilton,HAM,shanghai,Mercedes,18,9,10.819542441851153,1.8195424418511532
2023,10,hamilton,HAM,silverstone,Mercedes,7,3,5.566692573611873,2.5666925736118733
2024,12,hamilton,HAM,silverstone,Mercedes,2,1,3.651694896222548,2.651694896222548
2023,12,hamilton,HAM,spa,Mercedes,3,4,4.164258500159466,0.16425850015946608
2024,14,hamilton,HAM,spa,Mercedes,3,1,3.709945332875959,2.709945332875959
2023,16,hamilton,HAM,suzuka,Mercedes,7,5,5.840816466135388,0.8408164661353883
2024,4,hamilton,HAM,suzuka,Mercedes,7,9,6.890574768815772,2.109425231184228
2023,21,hamilton,HAM,vegas,Mercedes,10,7,6.985373385248855,0.014626614751144906
2024,22,hamilton,HAM,vegas,Mercedes,10,2,7.142642068027201,5.142642068027201
2023,8,hamilton,HAM,villeneuve,Mercedes,3,3,4.2908178189602095,1.2908178189602095
2024,9,hamilton,HAM,villeneuve,Mercedes,7,4,6.577434222703179,2.577434222703179
2023,22,hamilton,HAM,yas_marina,Mercedes,11,9,7.3709310126852925,1.6290689873147075
2024,24,hamilton,HAM,yas_marina,Mercedes,16,4,9.71904877636921,5.71904877636921
2023,13,hamilton,HAM,zandvoort,Mercedes,13,6,7.673327209570697,1.6733272095706972
2024,15,hamilton,HAM,zandvoort,Mercedes,14,8,6.274098956712491,1.725901043287509
2023,3,hulkenberg,HUL,albert_park,Haas F1 Team,10,7,12.486800311164652,5.486800311164652
2024,3,hulkenberg,HUL,albert_park,Haas F1 Team,16,9,14.224427231731243,5.224427231731243
2023,18,hulkenberg,HUL,americas,Haas F1 Team,18,11,14.446509637075422,3.4465096370754225
2024,19,hulkenberg,HUL,americas,Haas F1 Team,11,8,12.324930569949101,4.324930569949101
2023,1,hulkenberg,HUL,bahrain,Haas F1 Team,10,15,12.24470937163105,2.7552906283689502
2024,1,hulkenberg,HUL,bahrain,Haas F1 Team,10,16,12.155759604918506,3.844240395081494
2023,4,hulkenberg,HUL,baku,Haas F1 Team,20,17,14.37025323385386,2.6297467661461393
2024,17,hulkenberg,HUL,baku,Haas F1 Team,12,11,12.561595516236727,1.5615955162367268
2023,7,hulkenberg,HUL,catalunya,Haas F1 Team,7,15,11.003525377746103,3.9964746222538974
2024,10,hulkenberg,HUL,catalunya,Haas F1 Team,13,11,13.10241159852704,2.1024115985270395
2023,11,hulkenberg,HUL,hungaroring,Haas F1 Team,10,14,12.352942228267576,1.647057771732424
2024,13,hulkenberg,HUL,hungaroring,Haas F1 Team,11,13,11.784901374716087,1.2150986252839129
2024,7,hulkenberg,HUL,imola,Haas F1 Team,10,11,11.76627446709604,0.7662744670960393
2023,20,hulkenberg,HUL,interlagos,Haas F1 Team,11,12,12.564004172488062,0.5640041724880618
2024,21,hulkenberg,HUL,interlagos,Haas F1 Team,18,20,14.2943382666936,5.7056617333064
2023,2,hulkenberg,HUL,jeddah,Haas F1 Team,10,12,12.550775092878432,0.5507750928784318
2024,2,hulkenberg,HUL,jeddah,Haas F1 Team,15,10,13.860419933112372,3.8604199331123716
2023,17,hulkenberg,HUL,losail,Haas F1 Team,14,16,14.205167646150183,1.7948323538498165
2024,23,hulkenberg,HUL,losail,Haas F1 Team,18,16,13.81319185018417,2.18680814981583
2023,15,hulkenberg,HUL,marina_bay,Haas F1 Team,9,13,12.105154090884314,0.894845909115686
2024,18,hulkenberg,HUL,marina_bay,Haas F1 Team,6,9,10.452236786183839,1.452236786183839
2023,5,hulkenberg,HUL,miami,Haas F1 Team,12,15,12.653703837770312,2.346296162229688
2024,6,hulkenberg,HUL,miami,Haas F1 Team,9,11,11.22732257600244,0.22732257600243955
2023,6,hulkenberg,HUL,monaco,Haas F1 Team,18,17,14.45514140739109,2.544858592608909
2024,8,hulkenberg,HUL,monaco,Haas F1 Team,19,19,13.297563062390491,5.702436937609509
2023,14,hulkenberg,HUL,monza,Haas F1 Team,13,17,13.531385821594005,3.4686141784059945
2024,16,hulkenberg,HUL,monza,Haas F1 Team,10,17,11.339112050601042,5.660887949398958
2023,9,hulkenberg,HUL,red_bull_ring,Haas F1 Team,8,20,11.581312456862221,8.418687543137779
2024,11,hulkenberg,HUL,red_bull_ring,Haas F1 Team,9,6,11.786847247732755,5.786847247732755
2023,19,hulkenberg,HUL,rodriguez,Haas F1 Team,12,13,13.086810705844439,0.08681070584443873
2024,20,hulkenberg,HUL,rodriguez,Haas F1 Team,10,9,11.433973957635454,2.4339739576354535
2024,5,hulkenberg,HUL,shanghai,Haas F1 Team,9,10,11.462858648063385,1.462858648063385
2023,10,hulkenberg,HUL,silverstone,Haas F1 Team,11,13,12.740935566226767,0.25906443377323285
2024,12,hulkenberg,HUL,silverstone,Haas F1 Team,6,6,10.462003620878694,4.4620036208786935
2023,12,hulkenberg,HUL,spa,Haas F1 Team,20,18,15.834547484430345,2.1654525155696547
2024,14,hulkenberg,HUL,spa,Haas F1 Team,16,18,13.410132353209766,4.589867646790234
2023,16,hulkenberg,HUL,suzuka,Haas F1 Team,18,14,15.16276758656832,1.1627675865683198
2024,4,hulkenberg,HUL,suzuka,Haas F1 Team,12,11,12.545094415130897,1.5450944151308974
2023,21,hulkenberg,HUL,vegas,Haas F1 Team,13,19,13.425889676203555,5.574110323796445
2024,22,hulkenberg,HUL,vegas,Haas F1 Team,9,8,10.667689554616736,2.667689554616736
2023,8,hulkenberg,HUL,villeneuve,Haas F1 Team,5,15,9.355545110704838,5.644454889295162
2024,9,hulkenberg,HUL,villeneuve,Haas F1 Team,17,11,15.279839171941218,4.279839171941218
2023,22,hulkenberg,HUL,yas_marina,Haas F1 Team,8,15,11.493113030909937,3.506886969090063
2024,24,hulkenberg,HUL,yas_marina,Haas F1 Team,7,8,9.140786989945171,1.1407869899451715
2023,13,hulkenberg,HUL,zandvoort,Haas F1 Team,14,12,14.207247435513162,2.207247435513162
2024,15,hulkenberg,HUL,zandvoort,Haas F1 Team,12,11,12.372966951535462,1.3729669515354619
2023,3,kevin_magnussen,MAG,albert_park,Haas F1 Team,14,17,13.960560476129585,3.0394395238704153
2024,3,kevin_magnussen,MAG,albert_park,Haas F1 Team,14,10,13.711723871191824,3.7117238711918237
2023,18,kevin_magnussen,MAG,americas,Haas F1 Team,17,14,13.865258523520836,0.13474147647916368
2024,19,kevin_magnussen,MAG,americas,Haas F1 Team,8,11,11.743285106740592,0.7432851067405917
2023,1,kevin_magnussen,MAG,bahrain,Haas F1 Team,17,13,15.042085194964967,2.042085194964967
2024,1,kevin_magnussen,MAG,bahrain,Haas F1 Team,15,12,14.147143931640143,2.1471439316401426
2023,4,kevin_magnussen,MAG,baku,Haas F1 Team,16,13,14.850788335987245,1.8507883359872448
2023,7,kevin_magnussen,MAG,catalunya,Haas F1 Team,17,18,14.471545294090264,3.528454705909736
2024,10,kevin_magnussen,MAG,catalunya,Haas F1 Team,16,17,14.630873347668585,2.369126652331415
2023,11,kevin_magnussen,MAG,hungaroring,Haas F1 Team,19,17,16.300534329046023,0.6994656709539768
2024,13,kevin_magnussen,MAG,hungaroring,Haas F1 Team,15,15,13.711510616657014,1.288489383342986
2024,7,kevin_magnussen,MAG,imola,Haas F1 Team,18,12,14.851834313507828,2.851834313507828
2023,20,kevin_magnussen,MAG,interlagos,Haas F1 Team,12,18,13.671531529427083,4.328468470572917
2023,2,kevin_magnussen,MAG,jeddah,Haas F1 Team,13,10,13.651525718569163,3.6515257185691627
2024,2,kevin_magnussen,MAG,jeddah,Haas F1 Team,13,12,13.553276672845264,1.5532766728452643
2023,17,kevin_magnussen,MAG,losail,Haas F1 Team,18,14,15.631444853327304,1.631444853327304
2024,23,kevin_magnussen,MAG,losail,Haas F1 Team,10,9,11.284543708782914,2.2845437087829144
2023,15,kevin_magnussen,MAG,marina_bay,Haas F1 Team,6,10,11.286429041385162,1.286429041385162
2024,18,kevin_magnussen,MAG,marina_bay,Haas F1 Team,14,19,13.862346483316596,5.137653516683404
2023,5,kevin_magnussen,MAG,miami,Haas F1 Team,4,10,10.017744556548767,0.01774455654876661
2024,6,kevin_magnussen,MAG,miami,Haas F1 Team,18,19,15.242207787758009,3.7577922122419913
2023,6,kevin_magnussen,MAG,monaco,Haas F1 Team,17,19,14.349716389965756,4.6502836100342435
2024,8,kevin_magnussen,MAG,monaco,Haas F1 Team,20,20,14.017233192794865,5.9827668072051345
2023,14,kevin_magnussen,MAG,monza,Haas F1 Team,19,18,15.893985741635618,2.1060142583643824
2024,16,kevin_magnussen,MAG,monza,Haas F1 Team,13,10,12.929223023335096,2.929223023335096
2023,9,kevin_magnussen,MAG,red_bull_ring,Haas F1 Team,19,18,15.791216553132651,2.208783446867349
2024,11,kevin_magnussen,MAG,red_bull_ring,Haas F1 Team,12,8,13.238646416700526,5.238646416700526
2023,19,kevin_magnussen,MAG,rodriguez,Haas F1 Team,16,19,14.989565533800793,4.010434466199207
2024,20,kevin_magnussen,MAG,rodriguez,Haas F1 Team,7,7,10.663566282070493,3.6635662820704926
2024,5,kevin_magnussen,MAG,shanghai,Haas F1 Team,17,16,14.752140260061884,1.2478597399381162
2023,10,kevin_magnussen,MAG,silverstone,Haas F1 Team,19,19,15.935592372074227,3.064407627925773
2024,12,kevin_magnussen,MAG,silverstone,Haas F1 Team,17,12,14.602305683217919,2.602305683217919
2023,12,kevin_magnussen,MAG,spa,Haas F1 Team,16,15,14.168275141275906,0.831724858724094
2024,14,kevin_magnussen,MAG,spa,Haas F1 Team,17,14,14.179209640255634,0.17920964025563357
2023,16,kevin_magnussen,MAG,suzuka,Haas F1 Team,15,15,14.202098139742413,0.7979018602575874
2024,4,kevin_magnussen,MAG,suzuka,Haas F1 Team,18,13,15.023842950107769,2.0238429501077686
2023,21,kevin_magnussen,MAG,vegas,Haas F1 Team,8,13,12.137924759496649,0.8620752405033514
2024,22,kevin_magnussen,MAG,vegas,Haas F1 Team,12,12,12.148994611959361,0.14899461195936148
2023,8,kevin_magnussen,MAG,villeneuve,Haas F1 Team,13,17,13.575371470443905,3.424628529556095
2024,9,kevin_magnussen,MAG,villeneuve,Haas F1 Team,14,12,13.940817919455235,1.9408179194552346
2023,22,kevin_magnussen,MAG,yas_marina,Haas F1 Team,17,20,14.790394748399722,5.209605251600278
2024,24,kevin_magnussen,MAG,yas_marina,Haas F1 Team,14,16,12.92797697164008,3.0720230283599204
2023,13,kevin_magnussen,MAG,zandvoort,Haas F1 Team,0,16,15.271183824627286,0.7288161753727138
2024,15,kevin_magnussen,MAG,zandvoort,Haas F1 Team,20,18,13.442307417316538,4.557692582683462
2024,19,lawson,LAW,americas,RB F1 Team,19,9,14.091007520317659,5.091007520317659
2024,21,lawson,LAW,interlagos,RB F1 Team,5,9,10.467977207258185,1.4679772072581851
2023,17,lawson,LAW,losail,AlphaTauri,17,17,14.530771109076575,2.469228890923425
2024,23,lawson,LAW,losail,RB F1 Team,17,14,13.990819748334918,0.009180251665082295
2023,15,lawson,LAW,marina_bay,AlphaTauri,10,9,12.403984037583527,3.403984037583527
2023,14,lawson,LAW,monza,AlphaTauri,12,11,13.637214730776574,2.6372147307765736
2024,20,lawson,LAW,rodriguez,RB F1 Team,12,16,12.78309102337251,3.21690897662749
2023,16,lawson,LAW,suzuka,AlphaTauri,11,11,12.22276981486536,1.2227698148653605
2024,22,lawson,LAW,vegas,RB F1 Team,14,16,13.545311019626864,2.4546889803731364
2024,24,lawson,LAW,yas_marina,RB F1 Team,12,17,12.454923622661996,4.545076377338004
2023,13,lawson,LAW,zandvoort,AlphaTauri,19,13,15.688669964985888,2.6886699649858876
2023,3,leclerc,LEC,albert_park,Ferrari,7,20,7.4762874320741135,12.523712567925887
2024,3,leclerc,LEC,albert_park,Ferrari,4,2,6.2124500194334,4.2124500194334
2023,18,leclerc,LEC,americas,Ferrari,1,20,5.254301680776374,14.745698319223626
2024,19,leclerc,LEC,americas,Ferrari,4,1,5.804456663837219,4.804456663837219
2023,1,leclerc,LEC,bahrain,Ferrari,3,19,5.991626648768905,13.008373351231095
2024,1,leclerc,LEC,bahrain,Ferrari,2,4,5.184940230414346,1.1849402304143464
2023,4,leclerc,LEC,baku,Ferrari,1,3,5.625489705007462,2.625489705007462
2024,17,leclerc,LEC,baku,Ferrari,1,2,4.978654414531951,2.9786544145319507
2023,7,leclerc,LEC,catalunya,Ferrari,19,11,12.379640656226936,1.379640656226936
2024,10,leclerc,LEC,catalunya,Ferrari,5,5,6.508461375360531,1.5084613753605307
2023,11,leclerc,LEC,hungaroring,Ferrari,6,7,7.674756800006699,0.6747568000066986
2024,13,leclerc,LEC,hungaroring,Ferrari,6,4,7.530404712859351,3.530404712859351
2024,7,leclerc,LEC,imola,Ferrari,3,3,5.815519282292145,2.8155192822921453
2023,20,leclerc,LEC,interlagos,Ferrari,2,20,5.301227116611514,14.698772883388486
2024,21,leclerc,LEC,interlagos,Ferrari,6,5,6.041954901410685,1.0419549014106853
2023,2,leclerc,LEC,jeddah,Ferrari,12,7,5.9905243761638065,1.0094756238361935
2024,2,leclerc,LEC,jeddah,Ferrari,2,3,5.227977630216817,2.2279776302168166
2023,17,leclerc,LEC,losail,Ferrari,5,5,6.466308879765627,1.4663088797656272
2024,23,leclerc,LEC,losail,Ferrari,5,2,6.206827198905218,4.206827198905218
2023,15,leclerc,LEC,marina_bay,Ferrari,3,4,6.688877496703831,2.6888774967038307
2024,18,leclerc,LEC,marina_bay,Ferrari,9,5,7.6452181416251745,2.6452181416251745
2023,5,leclerc,LEC,miami,Ferrari,7,7,7.890797598640887,0.8907975986408871
2024,6,leclerc,LEC,miami,Ferrari,2,3,5.156015080264202,2.1560150802642024
2023,6,leclerc,LEC,monaco,Ferrari,6,6,6.573770055804511,0.5737700558045109
2024,8,leclerc,LEC,monaco,Ferrari,1,1,4.538720160907843,3.538720160907843
2023,14,leclerc,LEC,monza,Ferrari,3,4,6.507976350402219,2.5079763504022186
2024,16,leclerc,LEC,monza,Ferrari,4,1,6.475850552582765,5.475850552582765
2023,9,leclerc,LEC,red_bull_ring,Ferrari,2,2,6.2130652822329555,4.2130652822329555
2024,11,leclerc,LEC,red_bull_ring,Ferrari,6,11,7.066478729217633,3.933521270782367
2023,19,leclerc,LEC,rodriguez,Ferrari,1,3,5.069268795143808,2.069268795143808
2024,20,leclerc,LEC,rodriguez,Ferrari,4,3,5.680812159303976,2.6808121593039758
2024,5,leclerc,LEC,shanghai,Ferrari,6,4,6.36670880494282,2.36670880494282
2023,10,leclerc,LEC,silverstone,Ferrari,4,9,6.918556457252886,2.081443542747114
2024,12,leclerc,LEC,silverstone,Ferrari,11,14,9.058750690139902,4.941249309860098
2023,12,leclerc,LEC,spa,Ferrari,1,3,6.3277450478878325,3.3277450478878325
2024,14,leclerc,LEC,spa,Ferrari,1,3,6.5789984658041405,3.5789984658041405
2023,16,leclerc,LEC,suzuka,Ferrari,4,4,6.3592553432052235,2.3592553432052235
2024,4,leclerc,LEC,suzuka,Ferrari,8,4,7.050588215465181,3.050588215465181
2023,21,leclerc,LEC,vegas,Ferrari,1,2,5.268589423302322,3.2685894233023216
2024,22,leclerc,LEC,vegas,Ferrari,4,4,6.009708600530493,2.0097086005304927
2023,8,leclerc,LEC,villeneuve,Ferrari,10,4,9.780734479611993,5.7807344796119935
2024,9,leclerc,LEC,villeneuve,Ferrari,11,19,8.253947972167019,10.746052027832981
2023,22,leclerc,LEC,yas_marina,Ferrari,2,2,5.536463567253657,3.536463567253657
2024,24,leclerc,LEC,yas_marina,Ferrari,19,3,9.30589750609007,6.305897506090069
2023,13,leclerc,LEC,zandvoort,Ferrari,9,19,8.650196316358343,10.349803683641657
2024,15,leclerc,LEC,zandvoort,Ferrari,6,3,7.264857272482755,4.264857272482755
2023,3,max_verstappen,VER,albert_park,Red Bull,1,1,3.265559606353586,2.265559606353586
2024,3,max_verstappen,VER,albert_park,Red Bull,1,19,2.1918693571366403,16.80813064286336
2023,18,max_verstappen,VER,americas,Red Bull,6,1,4.992739671772501,3.992739671772501
2024,19,max_verstappen,VER,americas,Red Bull,2,3,4.480517445599601,1.4805174455996006
2023,1,max_verstappen,VER,bahrain,Red Bull,1,1,3.020022224278239,2.020022224278239
2024,1,max_verstappen,VER,bahrain,Red Bull,1,1,2.530132175724742,1.530132175724742
2023,4,max_verstappen,VER,baku,Red Bull,2,2,3.6037407682500286,1.6037407682500286
2024,17,max_verstappen,VER,baku,Red Bull,6,5,5.757535555295051,0.7575355552950507
2023,7,max_verstappen,VER,catalunya,Red Bull,1,1,3.1752101542020537,2.1752101542020537
2024,10,max_verstappen,VER,catalunya,Red Bull,2,1,3.523115315843681,2.523115315843681
2023,11,max_verstappen,VER,hungaroring,Red Bull,2,1,3.208592735188128,2.208592735188128
2024,13,max_verstappen,VER,hungaroring,Red Bull,3,5,4.485632336012777,0.5143676639872226
2024,7,max_verstappen,VER,imola,Red Bull,1,1,2.5914449690947174,1.5914449690947174
2023,20,max_verstappen,VER,interlagos,Red Bull,1,1,3.519751412131227,2.519751412131227
2024,21,max_verstappen,VER,interlagos,Red Bull,17,1,8.430859993792005,7.430859993792005
2023,2,max_verstappen,VER,jeddah,Red Bull,15,2,8.275979040470455,6.275979040470455
2024,2,max_verstappen,VER,jeddah,Red Bull,1,1,2.6304541556336134,1.6304541556336134
2023,17,max_verstappen,VER,losail,Red Bull,1,1,3.2229691922820827,2.2229691922820827
2024,23,max_verstappen,VER,losail,Red Bull,2,1,4.132196244109642,3.1321962441096423
2023,15,max_verstappen,VER,marina_bay,Red Bull,11,5,6.104127236467058,1.1041272364670576
2024,18,max_verstappen,VER,marina_bay,Red Bull,2,2,4.590794961411007,2.5907949614110066
2023,5,max_verstappen,VER,miami,Red Bull,9,1,5.926778844282415,4.926778844282415
2024,6,max_verstappen,VER,miami,Red Bull,1,2,2.5465704089260246,0.5465704089260246
2023,6,max_verstappen,VER,monaco,Red Bull,1,1,2.943776616266728,1.943776616266728
2024,8,max_verstappen,VER,monaco,Red Bull,6,6,4.461046222444139,1.5389537775558608
2023,14,max_verstappen,VER,monza,Red Bull,2,1,2.8463813910810396,1.8463813910810396
2024,16,max_verstappen,VER,monza,Red Bull,7,6,5.999694737362724,0.00030526263727637115
2023,9,max_verstappen,VER,red_bull_ring,Red Bull,1,1,2.9482216377691586,1.9482216377691586
2024,11,max_verstappen,VER,red_bull_ring,Red Bull,1,5,3.2630008223778906,1.7369991776221094
2023,19,max_verstappen,VER,rodriguez,Red Bull,3,1,4.037409663484164,3.037409663484164
2024,20,max_verstappen,VER,rodriguez,Red Bull,2,6,4.349784627436513,1.650215372563487
2024,5,max_verstappen,VER,shanghai,Red Bull,1,1,2.41532184825131,1.4153218482513101
2023,10,max_verstappen,VER,silverstone,Red Bull,1,1,2.8301138966959964,1.8301138966959964
2024,12,max_verstappen,VER,silverstone,Red Bull,4,2,4.518109543222566,2.5181095432225664
2023,12,max_verstappen,VER,spa,Red Bull,6,1,2.7360467214025985,1.7360467214025985
2024,14,max_verstappen,VER,spa,Red Bull,11,4,3.822062708034523,0.17793729196547714
2023,16,max_verstappen,VER,suzuka,Red Bull,1,1,3.0016922109038697,2.0016922109038697
2024,4,max_verstappen,VER,suzuka,Red Bull,1,1,2.522944296409899,1.5229442964098991
2023,21,max_verstappen,VER,vegas,Red Bull,2,1,3.5275761706625284,2.5275761706625284
2024,22,max_verstappen,VER,vegas,Red Bull,5,5,5.615873241394323,0.6158732413943229
2023,8,max_verstappen,VER,villeneuve,Red Bull,1,1,2.9112420325829,1.9112420325829
2024,9,max_verstappen,VER,villeneuve,Red Bull,2,1,3.2599143278134166,2.2599143278134166
2023,22,max_verstappen,VER,yas_marina,Red Bull,1,1,2.8276324593023068,1.8276324593023068
2024,24,max_verstappen,VER,yas_marina,Red Bull,4,6,5.353639813734729,0.6463601862652713
2023,13,max_verstappen,VER,zandvoort,Red Bull,1,1,2.7882260153209466,1.7882260153209466
2024,15,max_verstappen,VER,zandvoort,Red Bull,2,2,4.315957506985294,2.315957506985294
2023,3,norris,NOR,albert_park,McLaren,13,6,12.344703328926867,6.344703328926867
2024,3,norris,NOR,albert_park,McLaren,3,3,7.1847051864542655,4.1847051864542655
2023,18,norris,NOR,americas,McLaren,2,2,5.9496236257572575,3.9496236257572575
2024,19,norris,NOR,americas,McLaren,1,4,4.210117178376887,0.21011717837688693
2023,1,norris,NOR,bahrain,McLaren,11,17,10.829629564962799,6.170370435037201
2024,1,norris,NOR,bahrain,McLaren,7,6,8.148938318264193,2.148938318264193
2023,4,norris,NOR,baku,McLaren,7,9,10.215360558774364,1.215360558774364
2024,17,norris,NOR,baku,McLaren,15,4,9.504107584133532,5.504107584133532
2023,7,norris,NOR,catalunya,McLaren,3,17,8.722423740388718,8.277576259611282
2024,10,norris,NOR,catalunya,McLaren,1,2,4.4836310100961585,2.4836310100961585
2023,11,norris,NOR,hungaroring,McLaren,3,2,7.378440993945471,5.378440993945471
2024,13,norris,NOR,hungaroring,McLaren,1,2,4.597581487709242,2.597581487709242
2024,7,norris,NOR,imola,McLaren,2,2,5.917219380350847,3.917219380350847
2023,20,norris,NOR,interlagos,McLaren,6,2,7.167230003709283,5.167230003709283
2024,21,norris,NOR,interlagos,McLaren,1,6,4.361418414498161,1.6385815855018393
2023,2,norris,NOR,jeddah,McLaren,19,17,13.929527849725597,3.0704721502744032
2024,2,norris,NOR,jeddah,McLaren,6,8,7.985849154973827,0.014150845026173364
2023,17,norris,NOR,losail,McLaren,10,3,9.178752872928875,6.178752872928875
2024,23,norris,NOR,losail,McLaren,3,10,5.673756062246683,4.326243937753317
2023,15,norris,NOR,marina_bay,McLaren,4,2,7.063888109273868,5.063888109273868
2024,18,norris,NOR,marina_bay,McLaren,1,1,4.311095249767164,3.311095249767164
2023,5,norris,NOR,miami,McLaren,16,17,12.82376791860086,4.1762320813991405
2024,6,norris,NOR,miami,McLaren,5,1,6.685989463039364,5.685989463039364
2023,6,norris,NOR,monaco,McLaren,10,9,11.695883743980295,2.6958837439802945
2024,8,norris,NOR,monaco,McLaren,4,4,5.971985717069082,1.9719857170690824
2023,14,norris,NOR,monza,McLaren,9,8,8.614943271968063,0.6149432719680625
2024,16,norris,NOR,monza,McLaren,1,3,4.3595338513997035,1.3595338513997035
2023,9,norris,NOR,red_bull_ring,McLaren,4,4,9.234227883790645,5.234227883790645
2024,11,norris,NOR,red_bull_ring,McLaren,2,20,4.965409620334652,15.034590379665348
2023,19,norris,NOR,rodriguez,McLaren,17,5,11.526367777088268,6.526367777088268
2024,20,norris,NOR,rodriguez,McLaren,3,2,4.8216178596295265,2.8216178596295265
2024,5,norris,NOR,shanghai,McLaren,4,2,6.524059523743776,4.524059523743776
2023,10,norris,NOR,silverstone,McLaren,2,2,8.161514235976323,6.161514235976323
2024,12,norris,NOR,silverstone,McLaren,3,3,5.298393465522768,2.298393465522768
2023,12,norris,NOR,spa,McLaren,7,7,8.202580713181625,1.202580713181625
2024,14,norris,NOR,spa,McLaren,4,5,5.795022655771816,0.7950226557718159
2023,16,norris,NOR,suzuka,McLaren,3,2,6.6763076995069675,4.6763076995069675
2024,4,norris,NOR,suzuka,McLaren,3,5,6.789427021745121,1.7894270217451211
2023,21,norris,NOR,vegas,McLaren,15,20,10.50718825101059,9.49281174898941
2024,22,norris,NOR,vegas,McLaren,6,6,6.168914356106153,0.16891435610615257
2023,8,norris,NOR,villeneuve,McLaren,7,13,9.716208840890069,3.2837911591099314
2024,9,norris,NOR,villeneuve,McLaren,3,2,5.3663728575360325,3.3663728575360325
2023,22,norris,NOR,yas_marina,McLaren,5,5,7.3128355804049905,2.3128355804049905
2024,24,norris,NOR,yas_marina,McLaren,1,1,5.368142816685295,4.368142816685295
2023,13,norris,NOR,zandvoort,McLaren,2,7,6.33573211012726,0.6642678898727397
2024,15,norris,NOR,zandvoort,McLaren,1,1,4.519115650305564,3.5191156503055643
2023,3,ocon,OCO,albert_park,Alpine F1 Team,11,14,10.871576202093301,3.1284237979066987
2024,3,ocon,OCO,albert_park,Alpine F1 Team,15,16,13.372211767016575,2.6277882329834252
2023,18,ocon,OCO,americas,Alpine F1 Team,8,18,9.912835367396633,8.087164632603367
2024,19,ocon,OCO,americas,Alpine F1 Team,12,18,12.839865495347047,5.160134504652953
2023,1,ocon,OCO,bahrain,Alpine F1 Team,9,18,9.771603513839402,8.228396486160598
2024,1,ocon,OCO,bahrain,Alpine F1 Team,19,17,13.996427966275999,3.0035720337240015
2023,4,ocon,OCO,baku,Alpine F1 Team,19,15,11.459984162673937,3.540015837326063
2024,17,ocon,OCO,baku,Alpine F1 Team,20,15,15.402982624150036,0.4029826241500363
2023,7,ocon,OCO,catalunya,Alpine F1 Team,6,8,9.554838543819027,1.5548385438190273
2024,10,ocon,OCO,catalunya,Alpine F1 Team,8,10,11.257023752091344,1.257023752091344
2023,11,ocon,OCO,hungaroring,Alpine F1 Team,12,19,11.316381480679699,7.6836185193203015
2024,13,ocon,OCO,hungaroring,Alpine F1 Team,19,18,14.748700358841187,3.2512996411588126
2024,7,ocon,OCO,imola,Alpine F1 Team,12,14,12.715197391380054,1.2848026086199464
2023,20,ocon,OCO,interlagos,Alpine F1 Team,14,10,11.301448713771027,1.3014487137710269
2024,21,ocon,OCO,interlagos,Alpine F1 Team,4,2,9.762353882690283,7.762353882690283
2023,2,ocon,OCO,jeddah,Alpine F1 Team,6,8,9.449806785054808,1.4498067850548075
2024,2,ocon,OCO,jeddah,Alpine F1 Team,17,13,14.030336827112345,1.030336827112345
2023,17,ocon,OCO,losail,Alpine F1 Team,8,7,10.289039406642434,3.289039406642434
2024,23,ocon,OCO,losail,Alpine F1 Team,20,20,14.70952954701241,5.29047045298759
2023,15,ocon,OCO,marina_bay,Alpine F1 Team,8,18,10.877535112514982,7.122464887485018
2024,18,ocon,OCO,marina_bay,Alpine F1 Team,15,13,13.754939050355215,0.7549390503552154
2023,5,ocon,OCO,miami,Alpine F1 Team,8,9,10.451069839695098,1.4510698396950978
2024,6,ocon,OCO,miami,Alpine F1 Team,13,10,13.565734618310156,3.565734618310156
2023,6,ocon,OCO,monaco,Alpine F1 Team,3,3,8.959043589738588,5.959043589738588
2024,8,ocon,OCO,monaco,Alpine F1 Team,11,17,12.470272003796849,4.529727996203151
2023,14,ocon,OCO,monza,Alpine F1 Team,18,19,14.372844627238058,4.627155372761942
2024,16,ocon,OCO,monza,Alpine F1 Team,15,14,13.785203782377797,0.2147962176222027
2023,9,ocon,OCO,red_bull_ring,Alpine F1 Team,12,14,11.135034644941788,2.864965355058212
2024,11,ocon,OCO,red_bull_ring,Alpine F1 Team,10,12,11.417559011058213,0.5824409889417872
2023,19,ocon,OCO,rodriguez,Alpine F1 Team,15,10,12.857330686657104,2.8573306866571038
2024,20,ocon,OCO,rodriguez,Alpine F1 Team,0,13,14.691678468810917,1.6916784688109168
2024,5,ocon,OCO,shanghai,Alpine F1 Team,13,11,13.546710710613677,2.5467107106136773
2023,10,ocon,OCO,silverstone,Alpine F1 Team,13,20,11.297312519583679,8.702687480416321
2024,12,ocon,OCO,silverstone,Alpine F1 Team,18,16,14.252330683830818,1.7476693161691816
2023,12,ocon,OCO,spa,Alpine F1 Team,14,8,13.282448989445992,5.282448989445992
2024,14,ocon,OCO,spa,Alpine F1 Team,9,9,12.018079271889613,3.0180792718896132
2023,16,ocon,OCO,suzuka,Alpine F1 Team,14,9,12.656181620677849,3.656181620677849
2024,4,ocon,OCO,suzuka,Alpine F1 Team,15,15,13.686327922958727,1.3136720770412733
2023,21,ocon,OCO,vegas,Alpine F1 Team,16,4,13.211614466117654,9.211614466117654
2024,22,ocon,OCO,vegas,Alpine F1 Team,11,17,11.50057159182621,5.49942840817379
2023,8,ocon,OCO,villeneuve,Alpine F1 Team,6,8,9.320655841726879,1.3206558417268788
2024,9,ocon,OCO,villeneuve,Alpine F1 Team,18,10,14.784354450821466,4.784354450821466
2023,22,ocon,OCO,yas_marina,Alpine F1 Team,12,12,11.194884439416388,0.8051155605836122
2023,13,ocon,OCO,zandvoort,Alpine F1 Team,16,10,14.103136437918963,4.1031364379189625
2024,15,ocon,OCO,zandvoort,Alpine F1 Team,15,15,14.041424258959488,0.9585757410405122
2023,3,perez,PER,albert_park,Red Bull,20,5,11.031781310793358,6.031781310793358
2024,3,perez,PER,albert_park,Red Bull,6,5,5.1085496256374,0.10854962563739967
2023,18,perez,PER,americas,Red Bull,9,4,7.935584182711035,3.935584182711035
2024,19,perez,PER,americas,Red Bull,9,7,8.877844017629348,1.8778440176293483
2023,1,perez,PER,bahrain,Red Bull,2,2,4.864944881029528,2.864944881029528
2024,1,perez,PER,bahrain,Red Bull,5,2,5.969159106905554,3.969159106905554
2023,4,perez,PER,baku,Red Bull,3,1,5.359814587071219,4.359814587071219
2024,17,perez,PER,baku,Red Bull,4,17,7.0792706506865,9.9207293493135
2023,7,perez,PER,catalunya,Red Bull,11,4,7.932336149047792,3.932336149047792
2024,10,perez,PER,catalunya,Red Bull,11,8,7.799899787188995,0.2001002128110052
2023,11,perez,PER,hungaroring,Red Bull,9,3,7.8942342843228985,4.8942342843228985
2024,13,perez,PER,hungaroring,Red Bull,16,7,11.323647312921638,4.323647312921638
2024,7,perez,PER,imola,Red Bull,11,8,8.110906792961284,0.11090679296128414
2023,20,perez,PER,interlagos,Red Bull,9,4,8.182341642603015,4.182341642603015
2024,21,perez,PER,interlagos,Red Bull,12,11,10.463761992509184,0.536238007490816
2023,2,perez,PER,jeddah,Red Bull,1,1,4.4881593053128235,3.4881593053128235
2024,2,perez,PER,jeddah,Red Bull,3,2,5.174264310139918,3.174264310139918
2023,17,perez,PER,losail,Red Bull,20,10,9.187903193869175,0.8120968061308247
2024,23,perez,PER,losail,Red Bull,9,17,9.116272856941052,7.883727143058948
2023,15,perez,PER,marina_bay,Red Bull,13,8,8.638765013521873,0.6387650135218728
2024,18,perez,PER,marina_bay,Red Bull,13,10,10.071646368436834,0.07164636843683425
2023,5,perez,PER,miami,Red Bull,1,2,4.142944575087595,2.1429445750875953
2024,6,perez,PER,miami,Red Bull,4,4,5.559002685098915,1.559002685098915
2023,6,perez,PER,monaco,Red Bull,20,16,10.73461859954364,5.265381400456359
2024,8,perez,PER,monaco,Red Bull,16,18,10.096247240619675,7.903752759380325
2023,14,perez,PER,monza,Red Bull,5,2,5.996971511017222,3.9969715110172217
2024,16,perez,PER,monza,Red Bull,8,8,8.383453632188669,0.3834536321886688
2023,9,perez,PER,red_bull_ring,Red Bull,15,3,9.521802228106408,6.521802228106408
2024,11,perez,PER,red_bull_ring,Red Bull,8,7,7.990178202502083,0.9901782025020829
2023,19,perez,PER,rodriguez,Red Bull,5,20,6.557300830827538,13.442699169172462
2024,20,perez,PER,rodriguez,Red Bull,18,17,11.77583094449395,5.224169055506049
2024,5,perez,PER,shanghai,Red Bull,2,3,4.795194484628425,1.795194484628425
2023,10,perez,PER,silverstone,Red Bull,15,6,9.752650815877328,3.7526508158773275
2024,12,perez,PER,silverstone,Red Bull,20,17,12.204923810965724,4.795076189034276
2023,12,perez,PER,spa,Red Bull,2,2,5.531544519650053,3.531544519650053
2024,14,perez,PER,spa,Red Bull,2,7,6.636727278321392,0.3632727216786078
2023,16,perez,PER,suzuka,Red Bull,5,19,6.017612445467183,12.982387554532817
2024,4,perez,PER,suzuka,Red Bull,2,2,4.966973207312442,2.966973207312442
2023,21,perez,PER,vegas,Red Bull,11,3,8.78030419876757,5.7803041987675705
2024,22,perez,PER,vegas,Red Bull,15,10,11.522312006863645,1.522312006863645
2023,8,perez,PER,villeneuve,Red Bull,12,6,8.460074353700827,2.4600743537008274
2024,9,perez,PER,villeneuve,Red Bull,16,18,10.05955678429439,7.94044321570561
2023,22,perez,PER,yas_marina,Red Bull,9,4,7.705778657613581,3.705778657613581
2024,24,perez,PER,yas_marina,Red Bull,10,20,9.306924702011479,10.693075297988521
2023,13,perez,PER,zandvoort,Red Bull,7,4,6.846413053686726,2.8464130536867263
2024,15,perez,PER,zandvoort,Red Bull,5,6,7.395558035479697,1.3955580354796968
2023,3,piastri,PIA,albert_park,McLaren,16,8,14.636028751848176,6.636028751848176
2024,3,piastri,PIA,albert_park,McLaren,5,4,8.353367566392372,4.353367566392372
2023,18,piastri,PIA,americas,McLaren,10,17,9.176351996484069,7.823648003515931
2024,19,piastri,PIA,americas,McLaren,5,5,5.288421652104256,0.2884216521042564
2023,1,piastri,PIA,bahrain,McLaren,18,20,13.796467789986215,6.203532210013785
2024,1,piastri,PIA,bahrain,McLaren,8,8,8.781610886150848,0.7816108861508475
2023,4,piastri,PIA,baku,McLaren,10,11,12.11032726088844,1.1103272608884396
2024,17,piastri,PIA,baku,McLaren,2,1,4.559584232619246,3.5595842326192457
2023,7,piastri,PIA,catalunya,McLaren,9,13,11.853142734364619,1.146857265635381
2024,10,piastri,PIA,catalunya,McLaren,9,7,8.01418948841997,1.0141894884199694
2023,11,piastri,PIA,hungaroring,McLaren,4,5,8.570565274798078,3.570565274798078
2024,13,piastri,PIA,hungaroring,McLaren,2,1,5.520375727743755,4.520375727743755
2024,7,piastri,PIA,imola,McLaren,5,4,6.012181205566539,2.012181205566539
2023,20,piastri,PIA,interlagos,McLaren,10,14,8.692198015069883,5.3078019849301175
2024,21,piastri,PIA,interlagos,McLaren,8,8,6.871116171342358,1.1288838286576421
2023,2,piastri,PIA,jeddah,McLaren,8,15,12.264074931737202,2.735925068262798
2024,2,piastri,PIA,jeddah,McLaren,5,4,8.001933159887518,4.001933159887518
2023,17,piastri,PIA,losail,McLaren,6,2,8.182018708046211,6.182018708046211
2024,23,piastri,PIA,losail,McLaren,4,3,6.698734609600905,3.698734609600905
2023,15,piastri,PIA,marina_bay,McLaren,17,7,12.01335057077475,5.013350570774749
2024,18,piastri,PIA,marina_bay,McLaren,5,3,5.435408333604157,2.4354083336041574
2023,5,piastri,PIA,miami,McLaren,19,19,14.813633549198165,4.186366450801835
2024,6,piastri,PIA,miami,McLaren,6,13,7.359363765384305,5.640636234615695
2023,6,piastri,PIA,monaco,McLaren,11,10,12.7295070001325,2.7295070001325
2024,8,piastri,PIA,monaco,McLaren,2,2,5.73083624254219,3.73083624254219
2023,14,piastri,PIA,monza,McLaren,7,12,8.355252134093924,3.6447478659060764
2024,16,piastri,PIA,monza,McLaren,2,2,4.8605586091903845,2.8605586091903845
2023,9,piastri,PIA,red_bull_ring,McLaren,13,16,13.05711775148718,2.94288224851282
2024,11,piastri,PIA,red_bull_ring,McLaren,7,2,6.9068407603706765,4.9068407603706765
2023,19,piastri,PIA,rodriguez,McLaren,7,8,7.8781385690947126,0.12186143090528745
2024,20,piastri,PIA,rodriguez,McLaren,17,8,9.909781252165365,1.9097812521653648
2024,5,piastri,PIA,shanghai,McLaren,5,8,7.324928181762573,0.6750718182374271
2023,10,piastri,PIA,silverstone,McLaren,3,4,9.351477669001397,5.351477669001397
2024,12,piastri,PIA,silverstone,McLaren,5,4,6.573201629101821,2.5732016291018214
2023,12,piastri,PIA,spa,McLaren,5,20,8.60672834417105,11.39327165582895
2024,14,piastri,PIA,spa,McLaren,5,2,6.328743713125415,4.328743713125415
2023,16,piastri,PIA,suzuka,McLaren,2,3,6.921283595083974,3.921283595083974
2024,4,piastri,PIA,suzuka,McLaren,6,8,8.360703301070316,0.36070330107031623
2023,21,piastri,PIA,vegas,McLaren,18,10,11.851009567462762,1.8510095674627625
2024,22,piastri,PIA,vegas,McLaren,8,7,7.3892286029785295,0.38922860297852946
2023,8,piastri,PIA,villeneuve,McLaren,8,11,11.434691588353896,0.4346915883538962
2024,9,piastri,PIA,villeneuve,McLaren,4,5,6.250890354274897,1.2508903542748966
2023,22,piastri,PIA,yas_marina,McLaren,3,6,7.01573033280532,1.0157303328053198
2024,24,piastri,PIA,yas_marina,McLaren,2,10,6.1245778585862904,3.8754221414137096
2023,13,piastri,PIA,zandvoort,McLaren,8,9,9.011620071389597,0.011620071389597086
2024,15,piastri,PIA,zandvoort,McLaren,3,4,5.521268846790489,1.5212688467904893
2024,3,ricciardo,RIC,albert_park,RB F1 Team,18,12,14.86476963152837,2.86476963152837
2023,18,ricciardo,RIC,americas,AlphaTauri,14,15,13.150025544195838,1.849974455804162
2024,1,ricciardo,RIC,bahrain,RB F1 Team,14,13,12.151892818137346,0.8481071818626535
2024,17,ricciardo,RIC,baku,RB F1 Team,14,13,13.131567577978906,0.13156757797890606
2024,10,ricciardo,RIC,catalunya,RB F1 Team,18,15,13.88148772818156,1.1185122718184406
2023,11,ricciardo,RIC,hungaroring,AlphaTauri,13,13,12.93471666323145,0.06528333676854992
2024,13,ricciardo,RIC,hungaroring,RB F1 Team,9,12,10.769405302741742,1.2305946972582582
2024,7,ricciardo,RIC,imola,RB F1 Team,9,13,11.040515894770726,1.959484105229274
2023,20,ricciardo,RIC,interlagos,AlphaTauri,17,13,13.454928457706188,0.4549284577061883
2024,2,ricciardo,RIC,jeddah,RB F1 Team,14,16,13.07353780455475,2.92646219544525
2024,18,ricciardo,RIC,marina_bay,RB F1 Team,16,18,13.810528571119113,4.189471428880887
2024,6,ricciardo,RIC,miami,RB F1 Team,20,15,14.372629166024508,0.6273708339754922
2024,8,ricciardo,RIC,monaco,RB F1 Team,12,12,11.933106422335568,0.06689357766443216
2024,16,ricciardo,RIC,monza,RB F1 Team,12,13,11.971565186181465,1.028434813818535
2024,11,ricciardo,RIC,red_bull_ring,RB F1 Team,11,9,11.375918468521803,2.375918468521803
2023,19,ricciardo,RIC,rodriguez,AlphaTauri,4,7,9.100457170345948,2.1004571703459476
2024,5,ricciardo,RIC,shanghai,RB F1 Team,12,18,12.242657930832443,5.7573420691675565
2024,12,ricciardo,RIC,silverstone,RB F1 Team,15,13,12.86717915455156,0.13282084544844075
2023,12,ricciardo,RIC,spa,AlphaTauri,19,16,15.134307889009822,0.8656921109901781
2024,14,ricciardo,RIC,spa,RB F1 Team,13,10,12.206918154831124,2.206918154831124
2024,4,ricciardo,RIC,suzuka,RB F1 Team,11,19,11.935846612573693,7.064153387426307
2023,21,ricciardo,RIC,vegas,AlphaTauri,14,14,12.759647410403057,1.2403525895969434
2024,9,ricciardo,RIC,villeneuve,RB F1 Team,5,8,9.396886882017093,1.3968868820170925
2023,22,ricciardo,RIC,yas_marina,AlphaTauri,15,11,12.976502543854366,1.976502543854366
2024,15,ricciardo,RIC,zandvoort,RB F1 Team,13,12,12.97114764533878,0.97114764533878
2023,3,russell,RUS,albert_park,Mercedes,2,18,5.859570139615458,12.140429860384543
2024,3,russell,RUS,albert_park,Mercedes,7,17,8.503771415322314,8.496228584677686
2023,18,russell,RUS,americas,Mercedes,5,5,7.541857635843282,2.5418576358432823
2024,19,russell,RUS,americas,Mercedes,20,6,7.963062598922261,1.963062598922261
2023,1,russell,RUS,bahrain,Mercedes,6,7,7.2548893628890125,0.25488936288901254
2024,1,russell,RUS,bahrain,Mercedes,3,5,7.034848667779701,2.034848667779701
2023,4,russell,RUS,baku,Mercedes,11,8,9.088723449625196,1.0887234496251956
2024,17,russell,RUS,baku,Mercedes,5,3,7.239420244259967,4.239420244259967
2023,7,russell,RUS,catalunya,Mercedes,12,3,9.799552179860513,6.7995521798605125
2024,10,russell,RUS,catalunya,Mercedes,4,4,7.2477477064639055,3.2477477064639055
2023,11,russell,RUS,hungaroring,Mercedes,18,6,11.972825652969403,5.972825652969403
2024,13,russell,RUS,hungaroring,Mercedes,17,8,10.684977177428305,2.684977177428305
2024,7,russell,RUS,imola,Mercedes,6,7,8.914269572341185,1.914269572341185
2023,20,russell,RUS,interlagos,Mercedes,8,15,7.959790202464646,7.040209797535354
2024,21,russell,RUS,interlagos,Mercedes,2,4,6.5037084205241475,2.5037084205241475
2023,2,russell,RUS,jeddah,Mercedes,3,4,6.392864828543031,2.392864828543031
2024,2,russell,RUS,jeddah,Mercedes,7,6,8.332867942520629,2.332867942520629
2023,17,russell,RUS,losail,Mercedes,2,4,6.3106104885388845,2.3106104885388845
2024,23,russell,RUS,losail,Mercedes,1,4,6.0249578907812555,2.0249578907812555
2023,15,russell,RUS,marina_bay,Mercedes,2,16,6.353547059868312,9.646452940131688
2024,18,russell,RUS,marina_bay,Mercedes,4,4,6.849393102463173,2.849393102463173
2023,5,russell,RUS,miami,Mercedes,6,4,8.144718158665347,4.144718158665347
2024,6,russell,RUS,miami,Mercedes,7,8,9.33100454741351,1.3310045474135102
2023,6,russell,RUS,monaco,Mercedes,8,5,8.510536475118123,3.5105364751181227
2024,8,russell,RUS,monaco,Mercedes,5,5,8.610235343829771,3.610235343829771
2023,14,russell,RUS,monza,Mercedes,4,5,7.506334117587937,2.5063341175879366
2024,16,russell,RUS,monza,Mercedes,3,7,6.1484414726319745,0.8515585273680255
2023,9,russell,RUS,red_bull_ring,Mercedes,11,7,9.452034688745513,2.4520346887455133
2024,11,russell,RUS,red_bull_ring,Mercedes,3,1,6.532270502606172,5.532270502606172
2023,19,russell,RUS,rodriguez,Mercedes,8,6,8.607795036342386,2.6077950363423863
2024,20,russell,RUS,rodriguez,Mercedes,5,5,7.771212625114655,2.7712126251146554
2024,5,russell,RUS,shanghai,Mercedes,8,6,9.153461063992788,3.153461063992788
2023,10,russell,RUS,silverstone,Mercedes,6,5,7.657864767413187,2.6578647674131872
2024,12,russell,RUS,silverstone,Mercedes,1,19,5.266070378256217,13.733929621743783
2023,12,russell,RUS,spa,Mercedes,8,6,8.600286531662247,2.600286531662247
2024,14,russell,RUS,spa,Mercedes,6,20,7.189028378081574,12.810971621918426
2023,16,russell,RUS,suzuka,Mercedes,8,7,8.661620914345816,1.661620914345816
2024,4,russell,RUS,suzuka,Mercedes,9,7,9.57370881252307,2.573708812523069
2023,21,russell,RUS,vegas,Mercedes,3,8,7.4300835918103765,0.5699164081896235
2024,22,russell,RUS,vegas,Mercedes,1,1,6.157393208805987,5.157393208805987
2023,8,russell,RUS,villeneuve,Mercedes,4,19,7.310281980312787,11.689718019687213
2024,9,russell,RUS,villeneuve,Mercedes,1,3,6.573320195779711,3.5733201957797114
2023,22,russell,RUS,yas_marina,Mercedes,4,3,7.4195196223478455,4.4195196223478455
2024,24,russell,RUS,yas_marina,Mercedes,6,5,7.819736736176345,2.8197367361763446
2023,13,russell,RUS,zandvoort,Mercedes,3,17,6.992178264584642,10.007821735415359
2024,15,russell,RUS,zandvoort,Mercedes,4,7,6.1584384182540814,0.8415615817459186
2023,3,sainz,SAI,albert_park,Ferrari,5,12,7.034664475390194,4.965335524609806
2024,3,sainz,SAI,albert_park,Ferrari,2,1,6.021445942798032,5.021445942798032
2023,18,sainz,SAI,americas,Ferrari,4,3,6.521876558708652,3.5218765587086516
2024,19,sainz,SAI,americas,Ferrari,3,2,6.115522095427161,4.115522095427161
2023,1,sainz,SAI,bahrain,Ferrari,4,4,6.3861987899450305,2.3861987899450305
2024,1,sainz,SAI,bahrain,Ferrari,4,3,6.900010152514537,3.900010152514537
2023,4,sainz,SAI,baku,Ferrari,4,5,7.116674151108969,2.1166741511089686
2024,17,sainz,SAI,baku,Ferrari,3,18,6.253054336511223,11.746945663488777
2023,7,sainz,SAI,catalunya,Ferrari,2,5,6.811088572371677,1.811088572371677
2024,10,sainz,SAI,catalunya,Ferrari,6,6,7.610746735554029,1.610746735554029
2023,11,sainz,SAI,hungaroring,Ferrari,11,8,9.784686345190256,1.7846863451902557
2024,13,sainz,SAI,hungaroring,Ferrari,4,6,7.243720038536716,1.2437200385367158
2024,7,sainz,SAI,imola,Ferrari,4,5,6.281596055488948,1.281596055488948
2023,20,sainz,SAI,interlagos,Ferrari,7,6,7.7937363851517105,1.7937363851517105
2024,21,sainz,SAI,interlagos,Ferrari,20,16,9.512433198394696,6.487566801605304
2023,2,sainz,SAI,jeddah,Ferrari,4,6,6.961249961723178,0.961249961723178
2023,17,sainz,SAI,losail,Ferrari,12,20,9.231017186808428,10.768982813191572
2024,23,sainz,SAI,losail,Ferrari,7,6,7.10652403946879,1.1065240394687903
2023,15,sainz,SAI,marina_bay,Ferrari,1,1,6.301584640143925,5.301584640143925
2024,18,sainz,SAI,marina_bay,Ferrari,10,7,8.513755020738355,1.5137550207383548
2023,5,sainz,SAI,miami,Ferrari,3,5,7.008808657216216,2.008808657216216
2024,6,sainz,SAI,miami,Ferrari,3,5,5.7983376612649415,0.7983376612649415
2023,6,sainz,SAI,monaco,Ferrari,4,8,7.834128042517683,0.16587195748231665
2024,8,sainz,SAI,monaco,Ferrari,3,3,5.69888337623597,2.69888337623597
2023,14,sainz,SAI,monza,Ferrari,1,3,6.283109811673997,3.283109811673997
2024,16,sainz,SAI,monza,Ferrari,5,4,7.187054766701479,3.187054766701479
2023,9,sainz,SAI,red_bull_ring,Ferrari,3,6,6.615865501121803,0.615865501121803
2024,11,sainz,SAI,red_bull_ring,Ferrari,4,3,6.86901086245899,3.86901086245899
2023,19,sainz,SAI,rodriguez,Ferrari,2,4,5.546874535093059,1.5468745350930586
2024,20,sainz,SAI,rodriguez,Ferrari,1,1,5.019365816753037,4.019365816753037
2024,5,sainz,SAI,shanghai,Ferrari,7,5,7.202280325058885,2.2022803250588847
2023,10,sainz,SAI,silverstone,Ferrari,5,10,7.296357374504972,2.7036426254950277
2024,12,sainz,SAI,silverstone,Ferrari,7,5,7.986924044325975,2.986924044325975
2023,12,sainz,SAI,spa,Ferrari,4,19,7.5884977675382945,11.411502232461705
2024,14,sainz,SAI,spa,Ferrari,7,6,8.790682733727795,2.7906827337277953
2023,16,sainz,SAI,suzuka,Ferrari,6,6,7.222908365483128,1.2229083654831276
2024,4,sainz,SAI,suzuka,Ferrari,4,3,6.145943296596648,3.1459432965966476
2023,21,sainz,SAI,vegas,Ferrari,12,6,6.592669400565292,0.5926694005652919
2024,22,sainz,SAI,vegas,Ferrari,2,3,5.611046664271969,2.611046664271969
2023,8,sainz,SAI,villeneuve,Ferrari,11,5,8.926761451177525,3.9267614511775246
2024,9,sainz,SAI,villeneuve,Ferrari,12,16,8.976726553596812,7.023273446403188
2023,22,sainz,SAI,yas_marina,Ferrari,16,18,11.279832906444568,6.720167093555432
2024,24,sainz,SAI,yas_marina,Ferrari,3,2,5.533484008800098,3.533484008800098
2023,13,sainz,SAI,zandvoort,Ferrari,6,5,8.010403041871704,3.0104030418717045
2024,15,sainz,SAI,zandvoort,Ferrari,10,5,9.10615883643819,4.1061588364381905
2023,3,sargeant,SAR,albert_park,Williams,18,16,15.680744853180057,0.31925514681994294
2023,18,sargeant,SAR,americas,Williams,16,10,15.790896560483823,5.790896560483823
2023,1,sargeant,SAR,bahrain,Williams,16,12,13.970378906235377,1.9703789062353767
2024,1,sargeant,SAR,bahrain,Williams,18,20,15.254751649210144,4.745248350789856
2023,4,sargeant,SAR,baku,Williams,14,16,14.751748363794865,1.2482516362051346
2023,7,sargeant,SAR,catalunya,Williams,20,20,16.854223095510385,3.1457769044896153
2024,10,sargeant,SAR,catalunya,Williams,19,20,16.477527272820335,3.5224727271796645
2023,11,sargeant,SAR,hungaroring,Williams,20,18,16.12590521337116,1.8740947866288415
2024,13,sargeant,SAR,hungaroring,Williams,14,17,14.159103622913342,2.8408963770866578
2024,7,sargeant,SAR,imola,Williams,19,17,16.669807900841278,0.3301920991587224
2023,20,sargeant,SAR,interlagos,Williams,19,11,15.767304763353009,4.767304763353009
2023,2,sargeant,SAR,jeddah,Williams,20,16,15.933281365438786,0.06671863456121407
2024,2,sargeant,SAR,jeddah,Williams,19,14,15.807951831762011,1.8079518317620114
2023,17,sargeant,SAR,losail,Williams,15,18,14.554627445581499,3.445372554418501
2023,15,sargeant,SAR,marina_bay,Williams,18,14,14.982681155217348,0.9826811552173478
2023,5,sargeant,SAR,miami,Williams,20,20,16.428874936157925,3.571125063842075
2024,6,sargeant,SAR,miami,Williams,17,20,15.354384121171032,4.645615878828968
2023,6,sargeant,SAR,monaco,Williams,16,18,15.211964441486003,2.7880355585139966
2024,8,sargeant,SAR,monaco,Williams,15,15,15.025940727400034,0.025940727400033836
2023,14,sargeant,SAR,monza,Williams,15,13,14.159829860539665,1.1598298605396646
2023,9,sargeant,SAR,red_bull_ring,Williams,18,13,15.921211239364698,2.9212112393646983
2024,11,sargeant,SAR,red_bull_ring,Williams,19,19,16.568519213710267,2.4314807862897325
2023,19,sargeant,SAR,rodriguez,Williams,19,16,15.9841784187591,0.015821581240899718
2024,5,sargeant,SAR,shanghai,Williams,20,17,16.57913547399741,0.42086452600258895
2023,10,sargeant,SAR,silverstone,Williams,14,11,14.408922672894514,3.408922672894514
2024,12,sargeant,SAR,silverstone,Williams,12,11,14.085318928199365,3.0853189281993654
2023,12,sargeant,SAR,spa,Williams,18,17,15.335482208548155,1.6645177914518445
2024,14,sargeant,SAR,spa,Williams,18,17,16.129741487025747,0.870258512974253
2023,16,sargeant,SAR,suzuka,Williams,20,17,15.869696456149187,1.1303035438508129
2024,4,sargeant,SAR,suzuka,Williams,19,17,15.856422987116009,1.1435770128839913
2023,21,sargeant,SAR,vegas,Williams,6,16,11.462298588827629,4.537701411172371
2023,8,sargeant,SAR,villeneuve,Williams,18,20,16.540897696482375,3.459102303517625
2024,9,sargeant,SAR,villeneuve,Williams,13,20,14.149273089232048,5.850726910767952
2023,22,sargeant,SAR,yas_marina,Williams,20,16,15.865168138908826,0.13483186109117362
2023,13,sargeant,SAR,zandvoort,Williams,10,20,12.394974394526917,7.605025605473083
2024,15,sargeant,SAR,zandvoort,Williams,18,16,16.325837021500263,0.32583702150026284
2023,3,stroll,STR,albert_park,Aston Martin,6,4,9.354471707410841,5.354471707410841
2024,3,stroll,STR,albert_park,Aston Martin,9,6,9.880020379836928,3.880020379836928
2023,18,stroll,STR,americas,Aston Martin,20,7,14.195919925181485,7.195919925181485
2024,19,stroll,STR,americas,Aston Martin,13,15,12.71138663361634,2.288613366383659
2023,1,stroll,STR,bahrain,Aston Martin,8,6,10.697084611197317,4.697084611197317
2024,1,stroll,STR,bahrain,Aston Martin,12,10,11.335735675511502,1.3357356755115024
2023,4,stroll,STR,baku,Aston Martin,9,7,9.637960045742817,2.637960045742817
2024,17,stroll,STR,baku,Aston Martin,13,19,12.65930387475399,6.34069612524601
2023,7,stroll,STR,catalunya,Aston Martin,5,6,7.9489832677857,1.9489832677857004
2024,10,stroll,STR,catalunya,Aston Martin,14,14,12.552199035559369,1.4478009644406313
2023,11,stroll,STR,hungaroring,Aston Martin,14,10,11.302305233031797,1.302305233031797
2024,13,stroll,STR,hungaroring,Aston Martin,8,10,10.634624156207565,0.6346241562075647
2024,7,stroll,STR,imola,Aston Martin,13,9,11.69801792090622,2.6980179209062207
2023,20,stroll,STR,interlagos,Aston Martin,3,5,8.725213263997349,3.7252132639973485
2024,21,stroll,STR,interlagos,Aston Martin,10,19,11.59694723342994,7.40305276657006
2023,2,stroll,STR,jeddah,Aston Martin,5,20,9.573063530675405,10.426936469324595
2024,2,stroll,STR,jeddah,Aston Martin,10,19,10.505443610441297,8.494556389558703
2023,17,stroll,STR,losail,Aston Martin,16,11,13.436259281313742,2.436259281313742
2024,23,stroll,STR,losail,Aston Martin,15,18,13.855723261121675,4.144276738878325
2023,15,stroll,STR,marina_bay,Aston Martin,0,20,13.76438145235939,6.235618547640611
2024,18,stroll,STR,marina_bay,Aston Martin,17,14,13.789586107007935,0.21041389299206514
2023,5,stroll,STR,miami,Aston Martin,18,12,12.410998963951876,0.41099896395187585
2024,6,stroll,STR,miami,Aston Martin,11,17,10.974615609491229,6.025384390508771
2023,6,stroll,STR,monaco,Aston Martin,14,20,10.709859289795169,9.290140710204831
2024,8,stroll,STR,monaco,Aston Martin,13,14,11.922712740011882,2.0772872599881183
2023,14,stroll,STR,monza,Aston Martin,20,16,14.02911245770319,1.9708875422968095
2024,16,stroll,STR,monza,Aston Martin,17,19,13.91687675987445,5.08312324012555
2023,9,stroll,STR,red_bull_ring,Aston Martin,6,9,8.33076610062707,0.6692338993729301
2024,11,stroll,STR,red_bull_ring,Aston Martin,17,13,13.8863219288083,0.8863219288083002
2023,19,stroll,STR,rodriguez,Aston Martin,0,17,13.65390252130278,3.346097478697221
2024,20,stroll,STR,rodriguez,Aston Martin,14,11,12.942564906563048,1.9425649065630477
2024,5,stroll,STR,shanghai,Aston Martin,11,15,10.88962483418461,4.110375165815389
2023,10,stroll,STR,silverstone,Aston Martin,12,14,10.55990807888961,3.4400919211103904
2024,12,stroll,STR,silverstone,Aston Martin,8,7,10.979636734864137,3.979636734864137
2023,12,stroll,STR,spa,Aston Martin,10,9,10.308936829815917,1.3089368298159165
2024,14,stroll,STR,spa,Aston Martin,15,11,13.050865204373778,2.0508652043737783
2023,16,stroll,STR,suzuka,Aston Martin,17,18,13.327497556774226,4.672502443225774
2024,4,stroll,STR,suzuka,Aston Martin,16,12,12.600144883360484,0.6001448833604837
2023,21,stroll,STR,vegas,Aston Martin,19,5,12.393029833462979,7.393029833462979
2024,22,stroll,STR,vegas,Aston Martin,18,15,15.325740550769353,0.3257405507693534
2023,8,stroll,STR,villeneuve,Aston Martin,16,9,10.678430983758663,1.6784309837586626
2024,9,stroll,STR,villeneuve,Aston Martin,9,7,10.965943238774866,3.965943238774866
2023,22,stroll,STR,yas_marina,Aston Martin,13,10,11.653120337870472,1.6531203378704724
2024,24,stroll,STR,yas_marina,Aston Martin,13,14,12.934164924138136,1.0658350758618642
2023,13,stroll,STR,zandvoort,Aston Martin,11,11,10.801860500152952,0.19813949984704848
2024,15,stroll,STR,zandvoort,Aston Martin,8,13,10.855640535877237,2.144359464122763
2023,3,tsunoda,TSU,albert_park,AlphaTauri,12,10,12.578906233178577,2.578906233178577
2024,3,tsunoda,TSU,albert_park,RB F1 Team,8,7,11.761264848159277,4.761264848159277
2023,18,tsunoda,TSU,americas,AlphaTauri,11,8,12.459978602357399,4.459978602357399
2024,19,tsunoda,TSU,americas,RB F1 Team,10,14,12.537484444296922,1.462515555703078
2023,1,tsunoda,TSU,bahrain,AlphaTauri,14,11,13.555127138916381,2.555127138916381
2024,1,tsunoda,TSU,bahrain,RB F1 Team,11,14,11.875633711707112,2.1243662882928884
2023,4,tsunoda,TSU,baku,AlphaTauri,8,10,11.299186459218921,1.2991864592189213
2024,17,tsunoda,TSU,baku,RB F1 Team,11,20,12.662224671680603,7.337775328319397
2023,7,tsunoda,TSU,catalunya,AlphaTauri,15,12,13.726475040723074,1.7264750407230736
2024,10,tsunoda,TSU,catalunya,RB F1 Team,17,19,13.924826732694187,5.0751732673058125
2023,11,tsunoda,TSU,hungaroring,AlphaTauri,17,15,15.254063470279009,0.254063470279009
2024,13,tsunoda,TSU,hungaroring,RB F1 Team,10,9,11.6005045899485,2.6005045899484998
2024,7,tsunoda,TSU,imola,RB F1 Team,7,10,10.798698520659253,0.7986985206592525
2023,20,tsunoda,TSU,interlagos,AlphaTauri,16,9,13.722865893493143,4.722865893493143
2024,21,tsunoda,TSU,interlagos,RB F1 Team,3,7,9.53599886437969,2.5359988643796907
2023,2,tsunoda,TSU,jeddah,AlphaTauri,16,11,13.962705727496592,2.9627057274965924
2024,2,tsunoda,TSU,jeddah,RB F1 Team,9,15,11.97009177851706,3.0299082214829394
2023,17,tsunoda,TSU,losail,AlphaTauri,11,15,12.165642618919195,2.834357381080805
2024,23,tsunoda,TSU,losail,RB F1 Team,14,13,12.834270281694444,0.16572971830555616
2023,15,tsunoda,TSU,marina_bay,AlphaTauri,15,19,14.083336491020733,4.916663508979267
2024,18,tsunoda,TSU,marina_bay,RB F1 Team,8,12,11.144392813402526,0.8556071865974744
2023,5,tsunoda,TSU,miami,AlphaTauri,17,11,14.488463416002734,3.488463416002734
2024,6,tsunoda,TSU,miami,RB F1 Team,10,7,12.087772580150563,5.087772580150563
2023,6,tsunoda,TSU,monaco,AlphaTauri,9,15,11.637299999420748,3.3627000005792524
2024,8,tsunoda,TSU,monaco,RB F1 Team,8,8,10.780849641615387,2.7808496416153865
2023,14,tsunoda,TSU,monza,AlphaTauri,11,20,12.920294013364913,7.079705986635087
2024,16,tsunoda,TSU,monza,RB F1 Team,16,20,13.772296696431463,6.227703303568537
2023,9,tsunoda,TSU,red_bull_ring,AlphaTauri,16,19,14.435572272056008,4.5644277279439915
2024,11,tsunoda,TSU,red_bull_ring,RB F1 Team,14,14,12.782280893771825,1.2177191062281754
2023,19,tsunoda,TSU,rodriguez,AlphaTauri,18,12,13.39777407367321,1.3977740736732098
2024,20,tsunoda,TSU,rodriguez,RB F1 Team,11,20,12.18382976745504,7.816170232544961
2024,5,tsunoda,TSU,shanghai,RB F1 Team,19,19,15.002912232927693,3.9970877670723066
2023,10,tsunoda,TSU,silverstone,AlphaTauri,16,16,14.763112834771016,1.2368871652289837
2024,12,tsunoda,TSU,silverstone,RB F1 Team,13,10,12.593527676129598,2.5935276761295984
2023,12,tsunoda,TSU,spa,AlphaTauri,11,10,13.224407212043298,3.224407212043298
2024,14,tsunoda,TSU,spa,RB F1 Team,20,16,14.616896359232951,1.3831036407670485
2023,16,tsunoda,TSU,suzuka,AlphaTauri,9,12,11.671638858351649,0.32836114164835095
2024,4,tsunoda,TSU,suzuka,RB F1 Team,10,10,11.812601197538932,1.8126011975389318
2023,21,tsunoda,TSU,vegas,AlphaTauri,20,18,15.375523843733069,2.6244761562669314
2024,22,tsunoda,TSU,vegas,RB F1 Team,7,9,10.372276550552398,1.3722765505523977
2023,8,tsunoda,TSU,villeneuve,AlphaTauri,19,14,14.11455128009328,0.11455128009328064
2024,9,tsunoda,TSU,villeneuve,RB F1 Team,8,14,10.829930462067436,3.170069537932564
2023,22,tsunoda,TSU,yas_marina,AlphaTauri,6,8,10.654656794749313,2.6546567947493127
2024,24,tsunoda,TSU,yas_marina,RB F1 Team,11,12,12.006478149667675,0.006478149667675126
2023,13,tsunoda,TSU,zandvoort,AlphaTauri,17,15,14.119308562222463,0.8806914377775374
2024,15,tsunoda,TSU,zandvoort,RB F1 Team,11,17,12.498457482185962,4.501542517814038
2023,3,zhou,ZHO,albert_park,Alfa Romeo,17,9,14.484435880565359,5.484435880565359
2024,3,zhou,ZHO,albert_park,Sauber,19,15,15.326563986934834,0.32656398693483446
2023,18,zhou,ZHO,americas,Alfa Romeo,12,13,13.05152260596401,0.05152260596400993
2024,19,zhou,ZHO,americas,Sauber,18,19,16.86326034133075,2.1367396586692493
2023,1,zhou,ZHO,bahrain,Alfa Romeo,13,16,13.4208481850141,2.5791518149859005
2024,1,zhou,ZHO,bahrain,Sauber,17,11,14.081660744872194,3.0816607448721935
2023,4,zhou,ZHO,baku,Alfa Romeo,15,19,13.897486944934018,5.102513055065982
2024,17,zhou,ZHO,baku,Sauber,17,14,16.05986881557589,2.0598688155758893
2023,7,zhou,ZHO,catalunya,Alfa Romeo,13,9,13.37865511482649,4.37865511482649
2024,10,zhou,ZHO,catalunya,Sauber,15,13,14.751683234092008,1.7516832340920079
2023,11,zhou,ZHO,hungaroring,Alfa Romeo,5,16,10.531409951398672,5.468590048601328
2024,13,zhou,ZHO,hungaroring,Sauber,18,19,15.762621492822872,3.2373785071771284
2024,7,zhou,ZHO,imola,Sauber,17,15,15.54311082812601,0.5431108281260109
2023,20,zhou,ZHO,interlagos,Alfa Romeo,20,17,15.926179134800593,1.0738208651994068
2024,21,zhou,ZHO,interlagos,Sauber,19,15,16.798018982390985,1.7980189823909853
2023,2,zhou,ZHO,jeddah,Alfa Romeo,11,13,12.725429933701793,0.2745700662982067
2024,2,zhou,ZHO,jeddah,Sauber,20,18,15.216500550992464,2.783499449007536
2023,17,zhou,ZHO,losail,Alfa Romeo,19,9,16.113089428506484,7.113089428506484
2024,23,zhou,ZHO,losail,Sauber,12,8,13.916595072886425,5.916595072886425
2023,15,zhou,ZHO,marina_bay,Alfa Romeo,19,12,15.272880029618541,3.272880029618541
2024,18,zhou,ZHO,marina_bay,Sauber,20,15,16.859540630537207,1.8595406305372073
2023,5,zhou,ZHO,miami,Alfa Romeo,14,16,13.4955469522682,2.5044530477318006
2024,6,zhou,ZHO,miami,Sauber,19,14,16.39800354404155,2.3980035440415506
2023,6,zhou,ZHO,monaco,Alfa Romeo,19,13,15.402156647141421,2.402156647141421
2024,8,zhou,ZHO,monaco,Sauber,18,16,15.84554983386396,0.15445016613604068
2023,14,zhou,ZHO,monza,Alfa Romeo,16,14,14.568418749696425,0.5684187496964253
2024,16,zhou,ZHO,monza,Sauber,20,18,16.958815485160784,1.041184514839216
2023,9,zhou,ZHO,red_bull_ring,Alfa Romeo,17,12,14.906127304283185,2.906127304283185
2024,11,zhou,ZHO,red_bull_ring,Sauber,20,17,16.503824809459033,0.49617519054096704
2023,19,zhou,ZHO,rodriguez,Alfa Romeo,10,14,12.260817257456004,1.7391827425439956
2024,20,zhou,ZHO,rodriguez,Sauber,19,15,16.986215305242215,1.9862153052422151
2024,5,zhou,ZHO,shanghai,Sauber,16,14,14.926405494862996,0.9264054948629958
2023,10,zhou,ZHO,silverstone,Alfa Romeo,17,15,14.638034245708885,0.36196575429111455
2024,12,zhou,ZHO,silverstone,Sauber,14,18,14.327641191905787,3.672358808094213
2023,12,zhou,ZHO,spa,Alfa Romeo,17,13,14.641618750844495,1.6416187508444953
2024,14,zhou,ZHO,spa,Sauber,19,19,16.588870844479004,2.411129155520996
2023,16,zhou,ZHO,suzuka,Alfa Romeo,19,13,15.401524934399307,2.4015249343993066
2024,4,zhou,ZHO,suzuka,Sauber,20,18,15.95027042551694,2.0497295744830595
2023,21,zhou,ZHO,vegas,Alfa Romeo,17,15,15.299047219703784,0.2990472197037839
2024,22,zhou,ZHO,vegas,Sauber,13,13,14.191886492420796,1.191886492420796
2023,8,zhou,ZHO,villeneuve,Alfa Romeo,20,16,16.0209721849828,0.02097218498279929
2024,9,zhou,ZHO,villeneuve,Sauber,20,15,16.57261874227796,1.5726187422779603
2023,22,zhou,ZHO,yas_marina,Alfa Romeo,19,17,15.668803494970089,1.3311965050299115
2024,24,zhou,ZHO,yas_marina,Sauber,15,13,15.052911830632684,2.0529118306326843
2023,13,zhou,ZHO,zandvoort,Alfa Romeo,15,18,14.330813442947251,3.6691865570527487
2024,15,zhou,ZHO,zandvoort,Sauber,17,20,15.822577716448459,4.177422283551541
